{
    "loss": 1.1312617063522339,
    "accuracy": 0.8909042477607727
}