{
    "loss": 34.068946838378906,
    "accuracy": 0.9522603154182434
}